---
layout: null
---
<?xml version="1.0" encoding="UTF-8"?>
<rss version="2.0" xmlns:atom="http://www.w3.org/2005/Atom" xmlns:dc="http://purl.org/dc/elements/1.1/">
  <channel>
    {% if site.title %}
    <title>{{ site.title | xml_escape }}</title>
    {% endif %}
    {% if site.rss-description %}
    <description>{{ site.rss-description | xml_escape }}</description>
    {% endif %}
    <link>{{ '/' | absolute_url }}</link>
    <atom:link href="{{ 'feed.xml' | absolute_url }}" rel="self" type="application/rss+xml" />
    {% assign excerpt_length = site.excerpt_length | default: 50 %}
    {% for post in site.posts limit:20 %}
      <item>
        <title>{{ post.title | strip_html | xml_escape }}</title>
        {% if post.author %}
        <dc:creator><![CDATA[ {{ post.author | xml_escape }} ]]></dc:creator>
        {% elsif site.author %}
        <dc:creator><![CDATA[ {{ site.author | xml_escape }} ]]></dc:creator>
        {% endif %}
        <description>
          {% if post.subtitle %}{{ post.subtitle | strip_html | xml_escape }} - {% endif %}
          {{ post.content | strip_html | xml_escape | truncatewords: excerpt_length }}
        </description>
        <pubDate>{{ post.date | date: "%a, %d %b %Y %H:%M:%S %z" }}</pubDate>
        <link>{{ post.url | absolute_url }}</link>
        <guid isPermaLink="true">{{ post.url | absolute_url }}</guid>
      </item>
    {% endfor %}
  </channel>
</rss>
